31,Domenic Shields,"Parkfields Way, 8789",8-517-121-8761,1-023-225-2580,Domenic_Shields6125@bulaffy.com,3,7/7/1974,2,2/1/2022
32,Agnes Richardson,"Canon Route, 6837",5-384-488-1770,0-888-882-4740,Agnes_Richardson1588@infotech44.tech,5,3/23/1952,1,3/10/2022
33,Rosie Herbert,"Queensberry  Grove, 3612",3-530-702-0380,7-441-528-7461,Rosie_Herbert6928@elnee.tech,5,2/24/2002,0,10/5/2022
34,Cedrick Jeffery,"Carpenter Street, 5960",6-125-237-6343,1-285-178-3028,Cedrick_Jeffery1727@sveldo.biz,2,7/10/1965,0,12/5/2022
35,Naomi Camden,"Aylward   Vale, 2718",8-872-854-7420,6-612-781-3033,Naomi_Camden7354@deons.tech,5,7/20/1969,0,4/9/2022
36,Quinn Johnson,"Aspen Vale, 5571",6-176-222-5885,6-608-426-6624,Quinn_Johnson5325@cispeto.com,1,9/10/1968,0,8/22/2022
37,Marvin Fox,"Elia   Walk, 3617",8-613-340-6150,3-132-153-6035,Marvin_Fox5987@zorer.org,2,7/18/1982,2,12/15/2022
38,Aiden Avery,"St. Jamess  Alley, 4674",1-144-020-5414,1-160-212-1871,Aiden_Avery423@gmail.com,5,10/10/2000,2,10/28/2022
39,Javier Swift,"Blackheath  Walk, 9947",4-024-260-1333,0-815-010-7272,Javier_Swift8965@nimogy.biz,3,11/25/2015,2,2/17/2022
40,Hayden Reid,"Comet House  Alley, 8788",5-232-465-0670,0-241-115-1361,Hayden_Reid2219@corti.com,3,2/28/1975,2,3/1/2022
41,Rosie Booth,"Caldwell   Street, 6467",3-721-706-8825,2-461-408-8006,Rosie_Booth4620@zorer.org,5,7/25/1982,1,5/11/2022
42,Noah Kerr,"Oxford Rue, 2348",5-673-181-3715,8-515-533-5303,Noah_Kerr809@joiniaa.com,7,6/2/1953,0,8/30/2022
43,Ada Jarrett,"Berriman  Rue, 6869",3-536-048-2734,4-421-153-3101,Ada_Jarrett6838@muall.tech,4,5/6/1990,0,8/29/2022
44,Sylvia Simpson,"Bel   Route, 4947",0-502-614-8526,4-645-187-2470,Sylvia_Simpson6181@iatim.tech,6,10/23/1965,2,3/24/2022
45,Amelia Nurton,"Western   Drive, 2661",0-623-514-2273,1-086-884-5448,Amelia_Nurton6226@brety.org,1,1/9/1977,0,2/27/2022
46,Roger Clarke,"Bazely   Alley, 6110",6-424-301-0105,5-747-105-3156,Roger_Clarke7817@gembat.biz,5,2/14/2007,1,3/10/2022
47,Louise Myatt,"Berriman  Boulevard, 76",1-353-456-3128,2-770-860-7551,Louise_Myatt5586@vetan.org,7,3/15/2010,2,7/11/2022
48,Celina Kirby,"Walnut Pass, 607",0-072-587-4872,4-263-070-4537,Celina_Kirby6792@ubusive.com,6,10/4/1951,2,11/15/2022
49,Evelynn Wilson,"Belmore  Drive, 9330",0-587-586-5083,0-705-224-5582,Evelynn_Wilson6570@twace.org,7,1/27/2013,2,10/4/2022
50,Kurt Douglas,"Howard Pass, 7207",2-347-474-2122,6-638-687-7671,Kurt_Douglas4178@bretoux.com,2,10/19/2001,2,5/1/2022
51,Kassandra Potter,"West Way, 1526",4-827-308-5587,0-888-101-5671,Kassandra_Potter7765@ubusive.com,7,9/11/2008,1,12/11/2022
52,Brooklyn Underhill,"Hickory   Drive, 1934",7-365-024-7814,4-183-218-7410,Brooklyn_Underhill4713@atink.com,7,7/27/1993,2,3/22/2022
53,Paige Poole,"Coley  Boulevard, 7157",2-070-830-2387,8-630-685-5332,Paige_Poole1486@fuliss.net,7,2/2/1957,0,11/18/2022
54,Percy Boden,"Abbotswell  Street, 5576",4-576-126-7313,7-482-077-0703,Percy_Boden3028@acrit.org,1,1/19/2010,2,7/11/2022
55,Gladys Andrews,"Argyle  Crossroad, 6023",3-427-503-6712,3-334-124-6200,Gladys_Andrews5766@irrepsy.com,5,8/12/2017,1,8/9/2022
56,Oliver Reynolds,"Beechen  Walk, 637",4-460-610-8564,7-644-287-1548,Oliver_Reynolds6453@twipet.com,5,8/15/2001,2,12/24/2022
57,Chloe Denton,"Enford   Pass, 4754",7-573-066-4816,3-215-474-4871,Chloe_Denton9945@sheye.org,6,2/10/2000,2,12/17/2022
58,Emma Campbell,"Baltic  Tunnel, 8567",8-787-154-4037,7-076-650-6255,Emma_Campbell7800@deons.tech,2,6/14/1972,1,5/15/2022
59,Carter Hudson,"Oxford Way, 1134",1-503-012-2003,0-502-207-6728,Carter_Hudson773@supunk.biz,7,1/24/1964,2,6/11/2022
60,Ronald Morgan,"Colombo   Road, 530",0-144-220-1367,3-467-246-3847,Ronald_Morgan4389@twipet.com,5,12/19/2015,0,9/27/2022
