301,Jack Veale,"Fair Drive, 5716",7-800-665-4817,8-412-134-4078,Jack_Veale421@dionrab.com,4,5/31/1969,1,9/21/2022
302,Doug Fisher,"Heritage Boulevard, 3973",4-574-128-0410,2-087-788-5485,Doug_Fisher4702@corti.com,3,2/9/1951,0,8/3/2022
303,Dorothy Rodwell,"Blomfield  Lane, 1602",3-748-237-8040,5-474-803-0132,Dorothy_Rodwell2165@twipet.com,4,7/27/2006,1,9/29/2022
304,David Dwyer,"Lonsdale  Street, 9755",2-853-287-2551,7-477-051-3427,David_Dwyer5408@kideod.biz,5,12/27/1994,1,10/10/2022
305,Havana Baker,"Blandford  Road, 5878",8-727-487-2504,8-165-331-5536,Havana_Baker5154@liret.org,6,3/19/1989,1,6/29/2022
306,Shannon Purvis,"Kilner   Drive, 7438",7-236-773-4340,3-231-120-8833,Shannon_Purvis3377@twipet.com,4,5/16/2006,0,10/14/2022
307,Tony Wheeler,"Ely  Boulevard, 9959",1-103-304-6521,4-603-381-2008,Tony_Wheeler3155@jiman.org,6,2/10/1972,0,11/5/2022
308,Rihanna Andrews,"Church Lane, 4330",3-077-828-1441,2-428-276-5070,Rihanna_Andrews1492@vetan.org,4,4/13/1993,0,12/14/2022
309,Charlotte Hepburn,"Norland  Tunnel, 4645",3-071-750-3043,5-384-271-3341,Charlotte_Hepburn7699@twipet.com,4,5/27/1963,2,2/1/2022
310,Norah Little,"Canon Walk, 8455",5-368-725-2242,8-088-125-5553,Norah_Little8905@twipet.com,3,12/24/1950,2,12/25/2022
311,Natalie Patel,"Wadham  Avenue, 2155",4-630-512-4144,6-312-133-4704,Natalie_Patel234@womeona.net,4,6/9/1977,2,9/15/2022
312,Gladys Archer,"Amwell    Pass, 2565",6-687-224-2256,0-361-068-4156,Gladys_Archer4113@elnee.tech,6,9/18/1956,1,4/8/2022
313,Lucas Ogilvy,"Central  Boulevard, 2103",8-224-050-3200,0-245-824-0164,Lucas_Ogilvy2620@typill.biz,3,8/1/1959,2,8/5/2022
314,Chadwick Williams,"Blackall   Route, 1334",0-160-322-1511,8-114-384-1828,Chadwick_Williams8000@grannar.com,3,9/22/1988,0,6/1/2022
315,Jacqueline Harper,"Thomas More   Route, 898",7-244-552-4773,0-648-131-5772,Jacqueline_Harper8156@bretoux.com,6,2/10/2004,2,8/7/2022
316,Doug Shepherd,"Longmoore   Drive, 7661",2-814-836-5881,6-542-542-6778,Doug_Shepherd3622@zorer.org,2,1/4/1997,2,10/10/2022
317,Maria Steer,"Bletchley   Route, 3895",0-131-780-4744,1-518-252-2120,Maria_Steer1752@famism.biz,2,11/9/1956,1,6/25/2022
318,Hanna Jeffery,"Hamilton  Alley, 3229",5-460-354-8822,7-010-082-0632,Hanna_Jeffery5933@irrepsy.com,7,4/29/1977,0,8/31/2022
319,Logan Keys,"Byland  Way, 5131",5-585-060-5266,3-138-382-0031,Logan_Keys5052@brety.org,5,10/13/2011,0,8/28/2022
320,Matthew Hope,"Boleyn  Boulevard, 2886",2-586-421-8828,0-151-401-0218,Matthew_Hope678@fuliss.net,1,5/2/2014,0,1/22/2022
321,Ivy Durrant,"Ely  Tunnel, 3195",6-513-355-0255,1-811-358-6454,Ivy_Durrant6043@brety.org,2,9/12/2017,1,3/26/2022
322,Rowan Thomson,"Clissold  Rue, 4527",2-636-588-7530,2-066-103-1342,Rowan_Thomson982@typill.biz,3,2/18/1973,1,6/30/2022
323,Isabella Allington,"Cingworth  Vale, 2495",8-274-382-1823,3-528-055-2266,Isabella_Allington2168@bungar.biz,7,2/9/1965,2,2/19/2022
324,Chester Ellwood,"Comet House  Route, 3929",0-822-102-0222,4-584-207-5104,Chester_Ellwood7955@sveldo.biz,2,5/6/1972,2,7/25/2022
325,Madison Warner,"Sherwood  Pass, 8139",8-741-554-2310,4-812-511-0875,Madison_Warner1907@kideod.biz,6,6/21/1964,2,11/15/2022
326,Hadley Dobson,"Victoria  Avenue, 5379",7-726-601-0554,1-778-260-3336,Hadley_Dobson6003@vetan.org,2,8/19/2012,0,8/18/2022
327,Ronald Richardson,"Vintners  Rue, 7163",0-210-262-3884,7-211-026-4751,Ronald_Richardson1040@kideod.biz,7,2/12/1952,2,1/7/2022
328,Valentina Neal,"Victoria Rise Route, 5610",5-018-572-5386,5-070-816-1128,Valentina_Neal5859@infotech44.tech,7,4/20/1971,0,6/17/2022
329,Benny Mackenzie,"Carlisle  Crossroad, 2048",6-786-131-5538,8-312-541-0236,Benny_Mackenzie7905@eirey.tech,4,3/17/2018,1,12/15/2022
330,Chadwick Watson,"Waldram Park  Walk, 5317",0-683-253-0560,7-047-006-1100,Chadwick_Watson1505@dionrab.com,4,6/29/2009,2,7/23/2022
331,Cameron Weldon,"Andrews  Road, 9778",5-147-318-3032,3-554-058-8348,Cameron_Weldon3399@vetan.org,1,1/22/1983,0,5/19/2022
332,Juliet Radley,"Buttonwood Way, 2925",8-533-610-7018,6-453-578-6863,Juliet_Radley692@qater.org,7,12/12/1990,1,6/14/2022
333,Piper Lloyd,"Ensign   Lane, 8998",4-540-252-0788,5-564-454-4055,Piper_Lloyd9032@elnee.tech,6,4/6/1999,1,2/7/2022
334,Cherish Ring,"Bliss  Way, 3555",3-558-575-5083,0-372-760-3403,Cherish_Ring9052@twipet.com,7,12/3/1950,1,9/17/2022
335,Ramon Allington,"Bliss  Walk, 9409",0-861-104-1464,6-502-862-0517,Ramon_Allington4010@nimogy.biz,2,1/20/2001,1,9/23/2022
336,Barry Harrison,"Castlereagh   Alley, 7905",4-434-888-7772,7-817-240-8401,Barry_Harrison664@twace.org,7,6/8/2002,0,4/2/2022
337,Martin Parsons,"Kimberley  Pass, 2364",6-142-087-1526,6-656-232-4157,Martin_Parsons3076@hourpy.biz,4,7/29/1971,0,10/18/2022
338,Judith Maxwell,"West Alley, 293",8-252-252-4471,1-356-875-6621,Judith_Maxwell657@irrepsy.com,4,10/25/1957,2,8/1/2022
339,Sebastian Clifford,"Thomas  Avenue, 9594",0-012-852-6068,0-036-721-7113,Sebastian_Clifford6258@gompie.com,2,1/8/1987,1,10/2/2022
340,Sebastian Powell,"Woodland Avenue, 8491",7-671-845-7730,0-026-545-8343,Sebastian_Powell3948@muall.tech,1,12/28/1953,1,10/24/2022
341,Clint Summers,"Wager   Way, 7462",8-207-367-7007,3-702-421-1843,Clint_Summers1596@ubusive.com,5,5/14/1991,0,2/2/2022
342,John Thornton,"Cleveland  Street, 3269",2-114-535-5672,3-262-406-2726,John_Thornton8538@sheye.org,1,1/22/2008,0,2/9/2022
343,Denny Poulton,"Cadogan  Rue, 2129",0-720-065-2001,5-230-423-4788,Denny_Poulton361@nimogy.biz,6,1/21/1983,2,4/23/2022
344,Denny Long,"Berry  Walk, 2663",1-154-744-5610,6-172-075-2431,Denny_Long2273@twace.org,6,7/2/1998,2,1/14/2022
345,Rocco Goodman,"Charterhouse  Walk, 3102",8-677-753-1774,7-427-083-6172,Rocco_Goodman363@extex.org,2,7/22/1985,1,8/16/2022
346,Adina Isaac,"Fairview Boulevard, 1734",3-336-220-3358,8-754-667-6243,Adina_Isaac281@joiniaa.com,2,9/20/1965,0,9/17/2022
347,Julianna Reyes,"Boldero   Walk, 9123",3-545-454-1488,5-586-838-5825,Julianna_Reyes7837@twace.org,7,12/22/1972,0,10/14/2022
348,Hannah Tutton,"Monroe Lane, 5132",6-686-318-1780,8-565-773-6171,Hannah_Tutton4220@grannar.com,1,8/25/1980,2,12/30/2022
349,Rufus Maxwell,"Maple Walk, 7224",3-637-887-2100,4-666-533-5850,Rufus_Maxwell675@sveldo.biz,7,2/20/1961,0,1/28/2022
350,David Healy,"Bellenden  Way, 2138",5-268-641-3351,3-370-352-8612,David_Healy6928@fuliss.net,1,3/13/1966,1,10/25/2022
351,Nicholas Phillips,"Battersea   Route, 4273",8-318-864-6734,4-570-356-8454,Nicholas_Phillips4629@sheye.org,6,12/7/1976,2,1/26/2022
352,Jules Gilmour,"Camden  Road, 3155",7-175-121-7386,5-177-483-1504,Jules_Gilmour1526@deons.tech,3,9/24/2014,1,4/1/2022
353,Chris Cowan,"Queen Way, 4872",1-756-043-0627,6-542-286-2160,Chris_Cowan7565@infotech44.tech,5,3/6/2011,0,11/16/2022
354,John Uddin,"South Road, 8453",4-437-441-2344,7-536-005-8148,John_Uddin9149@supunk.biz,3,8/31/2005,2,5/4/2022
355,Barry Thorne,"Thomas  Grove, 1441",6-606-703-3722,2-472-558-3651,Barry_Thorne1595@elnee.tech,1,7/18/1951,1,5/12/2022
356,Drew Allwood,"Bazely   Hill, 3984",3-516-600-8005,6-565-456-5781,Drew_Allwood6331@acrit.org,7,4/14/1962,1,10/11/2022
357,Louise Quinton,"Anns  Rue, 832",0-105-853-4202,1-574-187-7483,Louise_Quinton6283@grannar.com,3,6/12/1965,1,6/18/2022
358,Matthew Wright,"Dunsley  Route, 3209",6-532-256-5418,2-411-544-2626,Matthew_Wright1950@muall.tech,4,2/20/1954,2,1/28/2022
359,Janice Harris,"Virgil   Tunnel, 7019",4-611-515-7211,5-660-836-6244,Janice_Harris5620@bauros.biz,1,1/5/1951,2,8/22/2022
360,Allison Rosenbloom,"Blore  Road, 3450",3-378-441-6478,2-502-814-0525,Allison_Rosenbloom4946@kideod.biz,4,6/15/2018,1,5/31/2022
361,David Bayliss,"Abourne   Street, 5866",7-144-835-2222,0-030-673-3528,David_Bayliss2072@hourpy.biz,3,1/23/1988,0,4/2/2022
362,Lucy Glynn,"Kinglake  Avenue, 1363",3-871-323-2302,2-153-786-0363,Lucy_Glynn985@nanoff.biz,1,2/19/1999,2,9/8/2022
363,Harmony Corbett,"Kinglake  Avenue, 1152",1-271-883-5181,3-803-886-1547,Harmony_Corbett7776@corti.com,3,4/12/1977,0,9/26/2022
364,Julianna Butler,"Bliss  Tunnel, 710",3-145-628-7813,3-775-343-6444,Julianna_Butler2126@yahoo.com,2,9/4/1960,2,6/16/2022
365,Jessica White,"Biggerstaff   Pass, 482",4-502-631-3278,1-164-883-3518,Jessica_White9447@ovock.tech,6,3/6/1981,1,1/27/2022
366,Melania Parsons,"Gavel   Boulevard, 8820",8-650-826-6532,8-717-450-4234,Melania_Parsons8342@bulaffy.com,6,2/6/1996,1,6/15/2022
367,Lucas Plumb,"Wadham  Drive, 4561",6-201-114-4752,3-404-486-3262,Lucas_Plumb9680@fuliss.net,7,7/5/1968,1,3/6/2022
368,Carl Penn,"Castlereagh   Walk, 5772",1-051-204-0814,5-456-420-1730,Carl_Penn9816@gmail.com,3,8/7/1986,1,2/7/2022
369,Winnie Shaw,"Bacton   Pass, 8811",6-633-052-3207,2-482-002-6660,Winnie_Shaw5838@iatim.tech,1,9/1/1965,2,11/21/2022
370,Trisha Upsdell,"Victorian  Route, 7777",2-713-476-0405,2-081-616-3783,Trisha_Upsdell9148@ubusive.com,2,9/27/1973,1,5/8/2022
371,Marigold Eyres,"Oxford Alley, 2119",4-524-253-4133,8-257-787-2185,Marigold_Eyres1907@guentu.biz,5,4/23/1964,0,11/4/2022
372,Lucas Dickson,"Dunstans  Road, 5887",8-384-131-3157,0-872-733-6112,Lucas_Dickson9985@bulaffy.com,4,2/2/1981,1,9/6/2022
373,Joy Greenwood,"Aspen Rue, 3388",0-087-360-6740,7-673-530-8600,Joy_Greenwood999@hourpy.biz,7,4/14/1975,2,3/6/2022
374,Leah Carter,"Elystan  Avenue, 7475",3-526-387-8260,5-782-880-8047,Leah_Carter1523@sveldo.biz,3,10/7/1973,0,3/1/2022
375,Russel Pond,"Virgil   Grove, 451",4-288-557-6111,3-242-431-3075,Russel_Pond1722@fuliss.net,4,11/6/2007,2,2/21/2022
376,Celina Callan,"Meadow Grove, 7395",4-315-070-0880,5-832-818-3742,Celina_Callan2280@eirey.tech,1,7/4/1992,0,7/14/2022
377,Russel Richards,"Carlton  Drive, 7201",7-855-746-1550,8-751-118-4305,Russel_Richards1153@bungar.biz,3,8/7/2008,2,7/8/2022
378,Bob Sherry,"Blendon    Grove, 5318",8-563-043-0433,4-046-176-1854,Bob_Sherry2784@typill.biz,1,9/25/1982,2,7/22/2022
379,Lucas Rose,"Betton  Lane, 8755",3-764-484-3076,8-448-338-3442,Lucas_Rose5057@naiker.biz,6,7/6/2011,0,4/13/2022
380,Sofia Bell,"Tiptree   Route, 727",8-506-058-8000,8-333-028-6574,Sofia_Bell4227@deavo.com,5,10/4/1986,0,8/28/2022
381,Noah Reynolds,"Carol   Walk, 1723",8-088-236-3843,7-071-313-1447,Noah_Reynolds845@hourpy.biz,4,4/2/1985,1,11/3/2022
382,Remy Morgan,"Lexington Avenue, 2330",6-623-774-7016,7-525-101-4605,Remy_Morgan6442@kideod.biz,5,1/20/2010,1,10/27/2022
383,Kimberly Young,"Cobden  Drive, 6269",0-405-687-7746,4-061-007-7818,Kimberly_Young6960@nickia.com,3,4/9/1954,2,8/15/2022
384,Aiden Turner,"Bolingbroke  Pass, 6524",8-765-535-1657,6-704-173-1680,Aiden_Turner2827@sveldo.biz,7,3/16/1977,2,6/11/2022
385,Alessandra Durrant,"Yoakley Road, 129",4-708-885-0255,2-705-755-5203,Alessandra_Durrant1050@infotech44.tech,2,12/13/2009,0,11/25/2022
386,Javier Stevens,"Bury  Vale, 9901",7-284-010-0416,5-478-061-6038,Javier_Stevens607@deons.tech,5,7/11/2017,1,11/3/2022
387,Mike Reading,"Cadogan  Lane, 630",6-418-421-4113,8-505-817-7013,Mike_Reading2543@fuliss.net,2,7/26/1984,0,8/10/2022
388,Hayden Forester,"Elystan  Hill, 4200",7-446-085-2045,5-778-321-5002,Hayden_Forester1583@extex.org,4,2/4/1975,2,2/25/2022
389,Ilona Callan,"Dyott   Drive, 3419",8-877-582-3685,5-443-424-1625,Ilona_Callan5431@eirey.tech,3,11/3/1989,0,6/1/2022
390,Deborah Shields,"Zealand Route, 5858",1-227-144-6872,3-320-335-4046,Deborah_Shields9247@kideod.biz,4,3/22/2016,1,1/23/2022
391,Marie Vince,"Sheraton   Vale, 8259",0-546-882-8175,7-630-337-1102,Marie_Vince3629@mafthy.com,6,11/29/1970,0,12/27/2022
392,Noah Rees,"Virginia Avenue, 5864",6-405-622-6416,4-486-728-8553,Noah_Rees2704@twace.org,6,5/6/1950,0,2/12/2022
393,Benny Larsen,"Commercial  Crossroad, 5108",0-534-340-5815,2-378-328-7681,Benny_Larsen3509@supunk.biz,1,4/15/1991,0,8/19/2022
394,Bart Chester,"Bacton   Pass, 3483",8-612-476-4612,2-815-728-3711,Bart_Chester1268@bauros.biz,4,7/18/1956,2,5/7/2022
395,Doris Bennett,"Sheringham   Crossroad, 2975",7-722-735-8767,0-481-653-6357,Doris_Bennett1998@sheye.org,6,6/7/2013,1,11/12/2022
396,Nathan Camden,"Bush  Crossroad, 1447",4-204-028-2204,5-336-054-4820,Nathan_Camden5631@joiniaa.com,6,5/29/1995,2,11/1/2022
397,Maia Haines,"Unwin  Rue, 4653",8-712-727-5286,4-287-366-6434,Maia_Haines2998@womeona.net,2,7/31/2001,1,4/26/2022
398,Hazel Strong,"Balfe   Hill, 5937",7-210-834-5644,0-020-445-0110,Hazel_Strong1377@hourpy.biz,5,3/6/2009,1,6/19/2022
399,Leah Mcgregor,"Cleaver Hill, 8243",1-380-028-5848,2-133-612-3162,Leah_Mcgregor7230@jiman.org,1,6/8/2018,2,2/10/2022
400,Sydney Bloom,"Chestnut  Crossroad, 3077",8-023-513-6670,0-730-866-8048,Sydney_Bloom9561@dionrab.com,3,11/24/1994,1,8/29/2022
401,Benjamin Quinton,"Cato   Pass, 8826",5-026-803-6180,3-177-811-8884,Benjamin_Quinton2642@yahoo.com,2,3/26/1952,1,11/22/2022
402,Phoebe Kennedy,"Bede  Street, 3634",2-464-527-6224,7-278-172-4735,Phoebe_Kennedy5282@deavo.com,1,8/19/1995,1,3/8/2022
403,Lillian Thorne,"Calverley  Route, 9183",1-847-800-1115,4-628-680-3887,Lillian_Thorne2704@hourpy.biz,1,7/2/1989,1,6/12/2022
404,Clint Moore,"Bendall   Pass, 631",5-181-762-5683,6-248-356-6313,Clint_Moore399@iatim.tech,6,12/15/1986,1,9/12/2022
405,Joseph Daniells,"King Road, 4448",2-282-166-3527,2-828-212-3201,Joseph_Daniells195@bretoux.com,2,2/3/1956,0,6/13/2022
406,Vicky Becker,"Fairbairn  Avenue, 343",6-242-433-8315,5-563-116-0027,Vicky_Becker2929@gmail.com,7,5/25/1970,0,11/15/2022
407,Carina Connor,"Marina  Walk, 8406",6-348-578-8786,6-746-800-4266,Carina_Connor7878@supunk.biz,2,4/20/1971,2,6/14/2022
408,Hannah Judd,"King Edward  Walk, 630",3-572-314-2656,5-240-850-6286,Hannah_Judd7823@sveldo.biz,4,6/12/1961,2,7/15/2022
409,Barney Tait,"Cavendish Road, 540",6-554-072-3032,2-541-676-7138,Barney_Tait1332@hourpy.biz,1,8/20/1951,2,1/3/2022
410,Dalia Harrington,"Epworth  Alley, 6553",8-346-520-7211,2-675-746-4043,Dalia_Harrington7405@sveldo.biz,3,8/20/1958,2,7/20/2022
411,Angelique Evans,"Apothecary   Tunnel, 8437",8-453-663-2067,3-601-453-3400,Angelique_Evans9338@kideod.biz,5,8/17/1989,1,6/17/2022
412,Bart Shaw,"Lincoln Boulevard, 6187",6-882-817-5873,8-867-741-6117,Bart_Shaw7251@kideod.biz,2,11/21/2003,0,8/31/2022
413,Ember Reynolds,"Paris   Avenue, 4945",6-056-141-6714,5-514-724-0126,Ember_Reynolds5865@guentu.biz,2,2/22/1955,2,9/22/2022
414,Barney Attwood,"Endsleigh  Tunnel, 7330",5-137-506-8286,6-631-846-4058,Barney_Attwood7212@extex.org,4,12/14/1998,1,8/3/2022
415,Chester Ranks,"Ely  Boulevard, 1609",2-881-001-2055,5-410-633-3784,Chester_Ranks3745@bulaffy.com,3,7/7/1987,0,7/22/2022
416,Matthew Utterson,"Caldwell   Drive, 3803",5-620-686-0176,0-341-740-7456,Matthew_Utterson4678@yahoo.com,1,7/28/2016,1,9/11/2022
417,Leroy Nayler,"Cheltenham  Vale, 3239",7-320-243-8182,0-746-721-8764,Leroy_Nayler7001@typill.biz,1,6/4/2014,2,8/5/2022
418,Bristol Hogg,"Dunstans  Pass, 4947",5-303-160-8238,0-335-364-8388,Bristol_Hogg7416@eirey.tech,3,12/15/1954,1,6/8/2022
419,Freya Owen,"Bloomsbury  Rue, 4320",8-506-857-4724,8-435-556-0046,Freya_Owen1641@nickia.com,7,5/31/1962,0,11/4/2022
420,Lexi Chapman,"Cloth  Boulevard, 8169",2-634-032-1846,6-258-143-6608,Lexi_Chapman2549@muall.tech,4,9/28/1958,1,9/29/2022
421,Enoch Torres,"Chesterfield  Way, 5464",8-385-400-1426,3-247-347-0811,Enoch_Torres2844@gompie.com,6,11/16/1958,0,12/15/2022
422,Naomi Beal,"Caroline  Vale, 3653",0-045-522-8332,4-663-613-7378,Naomi_Beal2920@supunk.biz,3,10/3/2014,0,5/20/2022
423,Kendra Burnley,"Chesterfield  Drive, 4965",7-363-741-1714,5-664-071-2662,Kendra_Burnley1898@nanoff.biz,1,4/8/1981,0,1/12/2022
424,Makena Adams,"Blandford  Hill, 8123",7-325-671-8072,4-327-514-3360,Makena_Adams3950@muall.tech,1,12/23/1951,0,10/10/2022
425,Brad Walsh,"Cockspur  Route, 2416",2-888-840-1501,6-411-605-4656,Brad_Walsh7064@ovock.tech,1,7/19/1977,1,7/24/2022
426,Beatrice Vass,"St. Pauls  Pass, 6145",8-071-803-3312,3-165-518-7441,Beatrice_Vass7506@famism.biz,4,3/14/1994,1,7/26/2022
427,Owen Dixon,"Arundel   Road, 158",8-451-213-4444,1-520-726-6240,Owen_Dixon3482@infotech44.tech,5,5/11/1996,2,8/26/2022
428,Estrella Mcneill,"Fair Pass, 2973",2-075-738-5673,1-764-815-5550,Estrella_Mcneill5286@mafthy.com,6,8/20/2010,0,4/17/2022
429,Tania Boden,"Commercial  Vale, 1902",6-850-447-1257,8-816-152-6821,Tania_Boden8747@brety.org,5,3/30/1997,0,9/11/2022
430,Benjamin Connell,"Lake Road, 3367",0-840-126-8677,8-018-507-4734,Benjamin_Connell5385@nanoff.biz,7,3/31/1982,0,9/14/2022
431,Darlene Wright,"Camden  Hill, 2712",8-167-263-2424,5-018-432-1672,Darlene_Wright7050@iatim.tech,2,3/29/2000,1,12/9/2022
432,Abbey Bell,"Collent   Crossroad, 2094",0-207-500-0437,2-574-640-5587,Abbey_Bell301@typill.biz,3,11/2/1963,2,10/14/2022
433,Bob Redwood,"Pine Alley, 1057",5-617-656-3625,6-022-222-4362,Bob_Redwood8330@nickia.com,5,5/22/1963,2,7/5/2022
434,Tony Wright,"Clarks  Road, 7536",4-017-105-2632,8-263-384-1571,Tony_Wright1391@sheye.org,6,3/27/2018,0,7/23/2022
435,Carol King,"Callcott   Hill, 5283",5-587-553-2051,1-848-273-0130,Carol_King9866@cispeto.com,6,5/16/1968,2,4/10/2022
436,Peyton Snow,"Underwood  Vale, 1890",5-346-830-6757,6-731-553-8387,Peyton_Snow5113@acrit.org,3,2/15/1964,2,1/27/2022
437,Doug Garner,"Arthur  Hill, 5049",1-861-841-4435,7-262-780-3606,Doug_Garner2636@dionrab.com,4,2/23/1967,0,1/11/2022
438,Thea Quinnell,"Longmoore   Grove, 7969",0-660-022-4560,4-764-366-5681,Thea_Quinnell7047@acrit.org,3,4/21/1974,0,10/5/2022
439,Stacy Shelton,"Linden Drive, 2915",8-030-053-0062,3-667-803-6623,Stacy_Shelton8942@acrit.org,7,11/14/1985,0,5/29/2022
440,Marigold Harper,"Carolina  Tunnel, 7836",8-777-837-8672,5-320-518-0571,Marigold_Harper84@qater.org,3,9/30/2006,2,2/2/2022
441,Phoebe Welsch,"Rivervalley Route, 5717",5-742-860-3315,7-458-778-4164,Phoebe_Welsch9241@bauros.biz,5,10/24/2006,1,12/8/2022
442,Ramon Cowan,"Buttonwood Lane, 5680",6-108-328-4884,6-527-186-5125,Ramon_Cowan9791@brety.org,2,3/25/1987,2,3/10/2022
443,Keira Ebbs,"Dutton   Grove, 4381",8-044-025-3670,7-072-122-6708,Keira_Ebbs7784@extex.org,6,10/6/1976,0,9/10/2022
444,Zara Bloom,"Lexington Rue, 9389",8-728-830-1523,1-253-024-5658,Zara_Bloom5478@cispeto.com,1,12/4/1965,0,1/20/2022
445,Bridget Welsch,"Aspen Alley, 4595",2-404-744-6610,5-783-026-7670,Bridget_Welsch6090@mafthy.com,2,4/4/1995,0,5/18/2022
446,Carl Camden,"Rosewood Way, 5682",6-613-047-5377,7-035-273-2288,Carl_Camden9754@irrepsy.com,6,6/19/1994,0,2/15/2022
447,Marvin Tutton,"Meadow Hill, 7356",7-818-443-0512,4-635-666-5331,Marvin_Tutton9608@tonsy.org,5,11/15/1984,1,4/23/2022
448,Angela Locke,"Maple Road, 3055",2-004-855-6523,1-513-588-2875,Angela_Locke5874@atink.com,6,8/19/1994,1,11/22/2022
449,Maia Bloom,"Union  Street, 363",7-801-018-6160,7-604-548-6204,Maia_Bloom7423@famism.biz,3,12/13/1993,0,7/22/2022
450,Rocco Fisher,"Ayres   Alley, 6879",5-871-500-6656,1-680-220-7365,Rocco_Fisher6717@dionrab.com,2,5/31/1981,2,12/23/2022
451,David Adler,"English   Grove, 3310",5-654-337-7275,5-550-027-0185,David_Adler7432@deons.tech,5,3/21/1993,2,8/25/2022
452,Cedrick Exton,"Clarks  Way, 8302",5-211-034-1057,7-423-804-8701,Cedrick_Exton5801@ubusive.com,2,3/19/2010,0,2/1/2022
453,Phillip Murphy,"Elba  Drive, 1848",1-165-071-2087,3-277-367-0232,Phillip_Murphy3771@guentu.biz,4,11/22/2006,2,7/5/2022
454,Holly Palmer,"Aberavon  Tunnel, 3333",5-607-266-3318,5-567-777-1217,Holly_Palmer6058@ubusive.com,3,10/10/1979,2,12/9/2022
455,Danny Martin,"Parkfield  Way, 8544",0-285-787-7870,6-701-706-4771,Danny_Martin1523@elnee.tech,2,1/8/1964,0,8/23/2022
456,Belinda Cartwright,"Heritage Hill, 4835",5-063-828-4475,3-060-814-3588,Belinda_Cartwright6642@hourpy.biz,2,4/2/2002,1,11/19/2022
457,Bryce Emerson,"Cephas  Hill, 9493",2-443-422-3225,3-585-637-1163,Bryce_Emerson6693@twace.org,7,4/13/1990,0,6/8/2022
458,Faith Allcott,"Linden Route, 9456",4-035-643-2353,5-532-872-4701,Faith_Allcott9011@infotech44.tech,6,5/13/1968,0,3/24/2022
459,Teagan Upton,"Rivervalley Grove, 4006",1-858-777-5135,1-748-213-7312,Teagan_Upton6135@eirey.tech,3,8/26/1974,1,11/13/2022
460,Percy Bryant,"Boleyn  Vale, 272",4-782-402-8333,5-282-823-5454,Percy_Bryant8830@mafthy.com,4,12/23/2009,2,9/9/2022
461,Nicholas Skinner,"Adelaide  Pass, 2544",1-282-114-8677,1-353-883-6674,Nicholas_Skinner1733@grannar.com,6,11/8/1960,2,8/16/2022
462,Chadwick Edwards,"Castle Route, 3293",3-208-847-5303,8-603-503-5078,Chadwick_Edwards9390@typill.biz,2,11/2/2010,0,6/29/2022
463,Angelica Zaoui,"Fieldstone Hill, 2108",2-718-562-6862,0-824-331-6107,Angelica_Zaoui2917@jiman.org,4,12/16/1954,2,3/14/2022
464,Cassandra Irwin,"Timber   Tunnel, 4762",5-705-643-6781,2-431-348-4478,Cassandra_Irwin9608@deons.tech,4,8/14/1981,1,8/16/2022
465,Natalie Baxter,"Calderwood   Avenue, 612",6-147-683-4133,7-465-678-0226,Natalie_Baxter2112@jiman.org,2,11/16/2003,0,8/10/2022
466,Ivy Thomas,"Chamberlain  Grove, 5698",0-630-168-1572,7-516-882-4851,Ivy_Thomas5578@atink.com,6,7/25/1990,2,3/22/2022
467,Benjamin Curtis,"Sherlock   Alley, 5334",7-050-671-1576,2-548-812-2527,Benjamin_Curtis2468@nickia.com,5,7/9/1991,0,8/23/2022
468,Diane Stark,"Beechen  Grove, 9883",3-231-280-0524,0-742-878-4140,Diane_Stark2481@cispeto.com,2,11/14/2009,1,5/15/2022
469,Chuck Lynn,"Antrobus   Grove, 6236",4-246-550-5606,5-024-208-0374,Chuck_Lynn5581@gembat.biz,7,12/2/2009,0,7/28/2022
470,Daron Garner,"Blomfield  Crossroad, 5766",7-483-565-4788,4-006-063-6735,Daron_Garner2617@joiniaa.com,4,11/3/2017,0,9/18/2022
471,Penny Fenton,"Coal Wharf  Hill, 2127",2-653-306-4055,1-702-124-8644,Penny_Fenton7935@brety.org,2,12/11/1983,1,5/26/2022
472,Oliver Mcguire,"Thomas Doyle   Road, 4150",2-600-445-8140,1-276-687-1750,Oliver_Mcguire499@nimogy.biz,2,8/31/1957,1,2/1/2022
473,Erick Martin,"Spruce Street, 7236",7-448-322-8775,2-617-263-7303,Erick_Martin4510@mafthy.com,3,6/1/1997,2,5/17/2022
474,Marvin Lloyd,"Enderby   Boulevard, 9445",7-436-876-2601,8-775-407-5555,Marvin_Lloyd4439@infotech44.tech,3,5/18/1980,1,9/29/2022
475,Scarlett Exton,"Aspen Way, 5334",8-383-633-6751,5-463-103-2413,Scarlett_Exton1493@dionrab.com,3,4/25/1989,0,6/29/2022
476,Natalie Roman,"Bishop   Street, 387",0-744-400-3434,4-302-428-0133,Natalie_Roman5342@nickia.com,1,4/16/2007,0,8/19/2022
477,Johnny Bishop,"Bacon  Hill, 2647",4-537-587-1618,5-005-637-4664,Johnny_Bishop3423@supunk.biz,6,6/28/1983,0,8/4/2022
478,Denis Asher,"Bendall   Road, 1149",8-278-288-2568,1-175-020-1166,Denis_Asher4830@nimogy.biz,4,12/28/1967,2,9/19/2022
479,Lucas Vane,"Queen Caroline   Vale, 7625",4-048-034-5155,8-483-270-3866,Lucas_Vane8920@bulaffy.com,1,3/18/1972,0,4/18/2022
480,Adina Gilbert,"Walnut Rue, 1017",6-606-161-7845,5-010-615-7606,Adina_Gilbert5268@extex.org,3,4/14/2006,2,1/20/2022
481,Bart Vallory,"Hamilton  Pass, 2582",1-584-566-6284,5-680-010-2368,Bart_Vallory5669@sveldo.biz,4,11/16/1978,0,1/7/2022
482,Lucas Clarke,"Abbey   Grove, 6663",0-272-244-4118,5-734-207-0148,Lucas_Clarke8702@bretoux.com,7,1/1/1986,2,3/28/2022
483,Lana Lloyd,"Capeners  Walk, 58",8-656-130-3023,0-821-134-3764,Lana_Lloyd9828@irrepsy.com,7,3/9/2001,0,3/7/2022
484,Kurt Willson,"Coley  Street, 5398",3-281-212-3400,4-782-361-6337,Kurt_Willson2872@extex.org,1,11/2/1990,1,12/17/2022
485,Lucas Gaynor,"Sheraton   Vale, 7552",4-560-058-0670,0-471-508-1613,Lucas_Gaynor3600@atink.com,1,2/26/2005,2,12/19/2022
486,Boris Eastwood,"Addison  Lane, 4179",5-001-286-4673,4-535-124-8248,Boris_Eastwood4392@guentu.biz,6,12/13/1955,1,5/25/2022
487,Ethan Whittle,"Sheffield Crossroad, 1816",0-526-443-5364,5-158-551-3182,Ethan_Whittle5970@jiman.org,3,12/24/1988,1,10/31/2022
488,Alexander Mooney,"Emden   Route, 3777",6-301-865-3735,0-752-600-3804,Alexander_Mooney3120@extex.org,7,12/23/1974,0,12/16/2022
489,Martha Silva,"Union  Boulevard, 6493",8-007-762-0447,6-233-201-2572,Martha_Silva199@nimogy.biz,4,5/15/2000,2,8/2/2022
490,Kieth Janes,"Queen Caroline   Street, 1787",0-877-225-3513,0-167-603-3043,Kieth_Janes8602@bauros.biz,7,2/16/1962,1,12/3/2022
491,Cedrick Robinson,"Chamberlain  Route, 2167",1-728-343-0738,8-016-600-8128,Cedrick_Robinson9835@eirey.tech,2,7/22/2004,2,4/8/2022
492,Owen Gilmour,"Queen Route, 3906",6-860-385-6377,2-128-170-6532,Owen_Gilmour8762@ovock.tech,1,5/15/1957,0,8/11/2022
493,Nate Dunbar,"Ben   Crossroad, 2896",1-363-085-7276,0-170-407-8206,Nate_Dunbar5035@acrit.org,2,3/31/1997,1,11/17/2022
494,Doug Freeburn,"English   Crossroad, 1185",4-154-248-8482,4-851-483-1338,Doug_Freeburn9268@muall.tech,7,12/10/2006,0,12/15/2022
495,Doug Walsh,"Bishop   Alley, 6736",6-518-230-4170,0-336-410-4451,Doug_Walsh5307@cispeto.com,7,10/5/2001,0,7/17/2022
496,Boris Rose,"Elia   Route, 5081",7-355-871-4137,8-450-415-0578,Boris_Rose7473@infotech44.tech,3,5/7/1963,2,7/30/2022
497,Bridget Garner,"Church Avenue, 888",5-083-443-6315,2-876-765-2712,Bridget_Garner7424@twace.org,6,10/26/1989,2,12/28/2022
498,Sydney Parker,"Camdale  Avenue, 7504",7-045-322-7374,8-668-237-5717,Sydney_Parker7691@joiniaa.com,2,6/11/1983,2,11/16/2022
499,Penelope Irwin,"Garfield Pass, 4707",2-411-404-3863,1-655-820-3811,Penelope_Irwin194@kideod.biz,7,9/30/1958,2,6/25/2022
500,Ivy Bingham,"Dunton  Lane, 807",0-610-465-4887,6-672-146-2322,Ivy_Bingham6584@dionrab.com,2,7/19/1966,2,3/25/2022
501,Isabel Richardson,"Cingworth  Lane, 2070",4-216-073-1731,0-346-600-7250,Isabel_Richardson4499@dionrab.com,6,12/11/1964,2,2/7/2022
502,Tyler Spencer,"Falconberg   Alley, 4592",7-866-612-5513,0-065-471-0720,Tyler_Spencer1846@fuliss.net,3,1/6/1992,2,8/22/2022
503,Ivy Edwards,"Cephas  Route, 5951",8-877-404-0332,8-721-666-3178,Ivy_Edwards9574@qater.org,4,3/24/1962,2,2/17/2022
504,Chadwick Jennson,"King Edward  Avenue, 1984",0-272-462-6168,5-326-888-3207,Chadwick_Jennson8719@cispeto.com,2,4/4/1966,2,7/16/2022
505,George Vass,"Sundown Route, 8237",7-244-045-4583,2-811-233-8247,George_Vass3237@acrit.org,2,4/8/1986,0,10/11/2022
506,Amy Thorpe,"East Avenue, 7607",5-673-323-8061,6-613-881-2403,Amy_Thorpe2606@elnee.tech,2,6/13/1963,1,12/28/2022
507,Kurt Niles,"Kimberley  Drive, 8789",0-314-004-3147,1-005-233-2158,Kurt_Niles2311@deavo.com,5,1/21/1961,1,11/22/2022
508,Mason Mason,"Spruce Route, 1808",5-222-478-7533,6-562-114-7800,Mason_Mason8281@iatim.tech,5,8/18/1999,2,1/23/2022
509,Denny Ramsey,"Timber   Vale, 8901",2-081-113-3124,6-840-545-6772,Denny_Ramsey2658@gompie.com,3,9/20/1995,2,6/2/2022
510,Gina Herbert,"Geary   Grove, 4018",2-542-437-4888,0-220-063-8447,Gina_Herbert2278@jiman.org,7,11/24/1964,0,6/25/2022
511,Parker Bowen,"Blackpool  Road, 9425",7-152-838-0752,6-688-422-4287,Parker_Bowen7475@infotech44.tech,4,1/6/1955,2,4/3/2022
512,Ciara Pitt,"Church Tunnel, 5067",2-301-661-2308,4-468-835-7848,Ciara_Pitt2532@sveldo.biz,3,10/5/1982,1,4/3/2022
513,Ruth Whinter,"Victorian  Tunnel, 7454",8-555-762-5868,4-130-218-6223,Ruth_Whinter378@bauros.biz,6,4/5/1991,1,3/10/2022
514,Violet Lindop,"Dunton  Boulevard, 6686",1-764-661-5873,7-784-457-7217,Violet_Lindop275@mafthy.com,4,7/15/1956,0,11/10/2022
515,Nick Mooney,"Enford   Road, 1420",3-856-838-3542,4-704-361-8551,Nick_Mooney2690@bauros.biz,7,10/27/2013,0,10/23/2022
516,Alan Morris,"Ashley Way, 1740",1-647-736-5566,5-535-267-6011,Alan_Morris5859@mafthy.com,5,3/8/1967,0,3/11/2022
517,Noah Myatt,"Baynes  Lane, 6391",1-510-224-3055,2-458-808-1565,Noah_Myatt3735@bretoux.com,5,4/21/1963,1,8/24/2022
518,Danielle Strong,"Gautrey  Tunnel, 4214",6-205-688-8747,6-128-518-4116,Danielle_Strong4609@kideod.biz,7,2/8/1970,1,1/22/2022
519,Tyson Abbey,"Arline    Way, 6841",1-084-780-6123,0-811-075-6355,Tyson_Abbey2708@irrepsy.com,3,2/5/1965,1,1/7/2022
520,Carissa Fowler,"Wake  Way, 9937",2-523-805-4575,8-010-574-0585,Carissa_Fowler3164@iatim.tech,2,10/25/2017,0,4/3/2022
521,Maggie Jenkin,"Wadham  Hill, 3943",5-575-803-0622,2-880-525-1824,Maggie_Jenkin2622@irrepsy.com,5,1/4/2007,0,4/9/2022
522,Bryon Gunn,"Fawn Pass, 2377",4-538-788-8556,6-651-123-8000,Bryon_Gunn1022@gompie.com,1,8/17/1975,2,10/29/2022
523,Benjamin Baker,"Cato   Rue, 6193",8-063-441-3470,3-651-447-8355,Benjamin_Baker323@hourpy.biz,6,6/21/1959,1,2/19/2022
524,Gabriel Middleton,"Buttonwood Alley, 5054",1-860-647-1680,1-320-288-5252,Gabriel_Middleton2085@famism.biz,6,3/16/1954,0,2/26/2022
525,Chloe Roth,"Lincoln Alley, 3024",3-612-385-4380,3-077-865-3673,Chloe_Roth7255@corti.com,6,3/31/1967,1,4/18/2022
526,Anthony Duvall,"Bliss  Way, 7479",4-005-166-8427,2-533-886-4154,Anthony_Duvall5057@ovock.tech,5,8/2/1950,2,11/1/2022
527,Stephanie Addley,"Elystan  Route, 229",4-346-584-3700,3-441-850-8118,Stephanie_Addley1786@vetan.org,4,11/16/1952,1,7/11/2022
528,Shay Rowlands,"Waldram Park  Route, 6467",5-186-842-4411,3-127-527-1454,Shay_Rowlands1945@liret.org,4,4/4/1964,2,11/22/2022
529,Matt Wade,"Colombo   Rue, 57",6-740-415-1508,1-578-086-1642,Matt_Wade7146@irrepsy.com,3,7/10/1979,2,7/20/2022
530,Manuel Brooks,"Waite  Pass, 3439",5-746-061-7240,2-284-400-6046,Manuel_Brooks4704@bauros.biz,4,8/23/1959,0,3/4/2022
531,Martin Gordon,"York Grove, 6318",2-751-725-1626,7-467-836-1855,Martin_Gordon6862@atink.com,3,9/4/1969,2,8/18/2022
532,Martin Dwyer,"Apostle  Drive, 3046",5-776-322-2012,1-648-513-8471,Martin_Dwyer3014@naiker.biz,5,1/21/1997,0,10/13/2022
533,Erick Carson,"Littlebury  Walk, 9898",8-136-542-0003,6-344-348-0607,Erick_Carson2954@qater.org,3,8/27/1959,0,10/15/2022
534,Johnathan Harper,"Fawn Vale, 2093",3-137-606-2382,7-708-174-2404,Johnathan_Harper8931@bulaffy.com,3,9/13/1960,2,8/2/2022
535,Marina Flanders,"Colombo   Alley, 3225",3-132-883-5837,2-361-723-4502,Marina_Flanders2559@nickia.com,3,11/1/1972,0,8/21/2022
536,Kimberly London,"Victorian  Drive, 3805",6-445-825-1645,0-842-086-8583,Kimberly_London8385@ovock.tech,6,11/27/1981,0,11/5/2022
537,Eden Hooper,"Chatfield  Pass, 611",6-822-354-8508,2-534-254-7431,Eden_Hooper5400@elnee.tech,5,4/4/1950,2,3/29/2022
538,Ramon Johnson,"Caroline  Way, 1533",8-865-350-0658,3-626-537-5386,Ramon_Johnson3256@ovock.tech,6,3/20/1993,1,2/25/2022
539,Domenic Watt,"Timber   Road, 571",8-500-784-6115,2-821-157-7622,Domenic_Watt4515@nanoff.biz,4,9/30/2010,0,4/20/2022
540,Erin Oliver,"Tilloch   Vale, 8689",0-543-770-6426,4-126-617-5844,Erin_Oliver8942@bulaffy.com,7,9/21/1965,2,6/18/2022
541,Boris Selby,"Caedmon  Boulevard, 5511",7-644-462-4751,7-623-465-4535,Boris_Selby8357@muall.tech,7,11/15/1978,0,12/25/2022
542,Lauren London,"Arbutus   Route, 1032",8-851-555-3410,1-451-187-5180,Lauren_London8980@sheye.org,5,4/23/1957,1,7/6/2022
543,Audrey Roberts,"Earl Rise Road, 2387",6-454-875-8887,1-721-807-4438,Audrey_Roberts2851@guentu.biz,5,1/25/2005,1,3/7/2022
544,Ivette Chappell,"Arbutus   Walk, 7942",4-361-724-0263,1-047-716-7104,Ivette_Chappell9362@eirey.tech,6,7/15/1989,2,7/13/2022
545,Matt Snow,"Railroad Alley, 3067",2-772-201-3452,5-556-834-3280,Matt_Snow1415@kideod.biz,2,11/26/2005,2,7/26/2022
546,Alexia Jackson,"Buttonwood Road, 7182",3-882-480-3805,6-673-263-0387,Alexia_Jackson9859@iatim.tech,7,4/29/1962,1,4/29/2022
547,Chuck Uttley,"Pine Lane, 3121",6-533-273-8154,2-656-582-3380,Chuck_Uttley6710@gmail.com,6,9/9/2013,1,3/12/2022
548,Daron Fulton,"Earl Rise Route, 1541",6-071-008-7828,7-452-580-5353,Daron_Fulton9475@hourpy.biz,3,9/25/1993,1,3/6/2022
549,Doug Vinton,"Wager   Tunnel, 6673",8-306-333-7302,3-005-308-7428,Doug_Vinton50@irrepsy.com,1,6/30/1994,1,5/20/2022
550,Bristol Gibson,"Ashley Grove, 9833",2-857-173-7517,2-573-834-5640,Bristol_Gibson8722@fuliss.net,5,4/27/2006,1,12/12/2022
551,Karla Richardson,"Elizabeth  Boulevard, 3132",2-067-407-8447,7-664-105-1312,Karla_Richardson2378@liret.org,2,12/13/1955,0,8/24/2022
552,Jack Knott,"Carltoun   Hill, 5795",8-641-400-7302,6-081-874-4330,Jack_Knott3462@corti.com,6,9/29/1995,0,10/10/2022
553,Luke Casey,"King Rue, 1679",8-844-681-2045,8-512-738-3745,Luke_Casey6188@jiman.org,3,12/26/1974,2,3/9/2022
554,Marissa Reid,"Howard Pass, 8412",4-336-373-8340,7-676-221-1336,Marissa_Reid6422@bretoux.com,2,11/11/2012,2,3/29/2022
555,Henry Lewis,"Tisbury  Crossroad, 4348",8-510-630-8501,3-534-760-4461,Henry_Lewis1518@womeona.net,3,1/13/1985,1,1/12/2022
556,Julian Bradley,"Victorian  Way, 9052",8-146-578-7052,2-326-645-6277,Julian_Bradley4844@yahoo.com,1,11/16/2000,2,3/10/2022
557,Aiden Atkinson,"Queen Caroline   Lane, 5029",5-617-270-0061,0-730-064-6860,Aiden_Atkinson9040@ubusive.com,3,8/21/1960,0,2/4/2022
558,Gloria Gosling,"Cadogan  Pass, 2545",6-072-412-0446,1-787-477-3182,Gloria_Gosling4183@hourpy.biz,5,12/16/1960,0,6/29/2022
559,Carol Collis,"Fawn Walk, 2329",7-630-482-6302,7-152-458-6375,Carol_Collis3667@kideod.biz,1,6/29/1996,0,4/19/2022
560,Jayden Doherty,"Lincoln Route, 6349",7-515-668-1170,2-843-137-0758,Jayden_Doherty205@ubusive.com,6,12/30/1955,2,7/29/2022
561,Emery Partridge,"Longleigh   Pass, 3353",6-128-002-4708,8-250-847-7588,Emery_Partridge9592@atink.com,2,5/11/2003,0,9/27/2022
562,Makena Stevens,"Carltoun   Tunnel, 7570",7-211-050-0046,5-703-710-6233,Makena_Stevens5463@naiker.biz,3,11/6/1973,1,4/11/2022
563,Anne Thompson,"Black Swan  Alley, 6274",6-574-216-0211,5-383-363-7664,Anne_Thompson5366@acrit.org,2,5/3/1970,2,2/26/2022
564,Gladys Rosenbloom,"Rivervalley Avenue, 2089",5-613-351-5630,3-837-104-2018,Gladys_Rosenbloom8708@muall.tech,7,10/24/2007,1,11/2/2022
565,Gabriel Smith,"Garfield Lane, 5813",1-307-573-4236,0-740-674-3588,Gabriel_Smith2475@atink.com,5,7/19/1979,2,12/2/2022
566,Alexander Rose,"Clarges   Road, 1789",3-100-767-3531,6-625-208-1130,Alexander_Rose2029@gmail.com,4,8/18/2010,0,10/17/2022
567,Holly Hilton,"Birkbeck  Boulevard, 8197",5-078-611-2056,8-777-385-5825,Holly_Hilton8017@acrit.org,5,11/26/1976,2,5/21/2022
568,Florence Lynch,"Arthur  Rue, 2506",6-200-478-6368,2-534-814-2285,Florence_Lynch1135@ubusive.com,2,9/19/2010,1,4/7/2022
569,Tyler Russell,"Hampden  Lane, 7901",4-413-712-1751,6-832-116-7543,Tyler_Russell5190@ovock.tech,4,5/7/1969,1,5/12/2022
570,Shannon James,"Longleigh   Avenue, 618",5-155-255-4008,7-723-081-8470,Shannon_James9948@gmail.com,2,5/13/1997,2,10/18/2022
571,Sebastian Kidd,"Empress  Way, 8999",5-611-445-2174,1-782-412-2541,Sebastian_Kidd2@twipet.com,2,8/31/1987,0,3/20/2022
572,Lynn Sheldon,"Bempton   Walk, 7728",0-736-255-2440,4-603-467-8084,Lynn_Sheldon9370@famism.biz,5,11/8/1986,0,8/27/2022
573,Marla Locke,"Bales  Road, 5894",8-347-063-5542,0-777-482-1606,Marla_Locke2352@bretoux.com,6,3/31/1995,2,8/26/2022
574,Scarlett Wade,"Pine Drive, 9237",1-025-854-5506,4-025-201-0351,Scarlett_Wade1258@qater.org,6,5/26/2001,0,7/9/2022
575,Janelle Griffiths,"Cobden  Boulevard, 1741",0-343-803-4774,7-053-083-7230,Janelle_Griffiths8953@bretoux.com,4,5/13/2016,1,10/11/2022
576,Sage Stanley,"Blue Anchor  Lane, 6871",2-658-767-6741,0-706-042-8074,Sage_Stanley6987@jiman.org,1,8/28/2018,0,5/15/2022
577,Johnathan Wills,"Littlebury  Grove, 7834",1-502-365-7125,3-677-703-8866,Johnathan_Wills4308@muall.tech,2,8/3/2013,0,7/26/2022
578,Monica Payne,"Camelot   Crossroad, 3147",3-008-584-5216,0-840-413-1408,Monica_Payne6931@dionrab.com,6,4/26/2016,1,4/20/2022
579,Ron Adler,"Wager   Drive, 2005",3-840-346-2131,1-222-438-1638,Ron_Adler6141@nimogy.biz,6,7/24/1955,1,10/25/2022
580,David Mcleod,"Belfort  Rue, 2348",2-235-312-2302,6-227-436-1283,David_Mcleod3196@hourpy.biz,5,11/18/1982,0,1/14/2022
581,Gabriel Ryan,"Besson  Tunnel, 6545",7-278-003-0056,5-432-785-0838,Gabriel_Ryan429@bretoux.com,1,2/13/1987,2,12/11/2022
582,Anne Garner,"Blackheath   Pass, 4852",0-625-332-7650,8-822-824-7451,Anne_Garner2225@liret.org,5,4/7/1976,1,4/19/2022
583,Danny Stark,"Chester  Lane, 6678",2-542-783-1254,0-517-840-8012,Danny_Stark9821@gembat.biz,3,5/9/1982,1,4/28/2022
584,Kieth James,"Canal  Grove, 6954",8-852-028-5682,4-484-852-8378,Kieth_James8319@brety.org,3,1/3/2000,2,4/20/2022
585,Jayden Paterson,"Betton  Vale, 123",4-463-272-6623,2-808-008-8275,Jayden_Paterson6828@naiker.biz,5,6/24/2000,0,4/17/2022
586,Zara Goldsmith,"Bocking   Route, 4449",4-655-404-5381,6-671-778-6508,Zara_Goldsmith7839@gompie.com,1,6/11/1980,1,10/27/2022
587,Tony Alcroft,"Ellerslie Tunnel, 6926",1-288-841-2703,2-673-480-5074,Tony_Alcroft3242@deavo.com,2,11/8/1985,0,11/19/2022
588,Shelby Benson,"Blandford  Hill, 4681",2-711-258-6031,7-417-582-6428,Shelby_Benson2991@naiker.biz,1,9/12/1990,1,6/29/2022
589,Ramon Curtis,"Angel  Grove, 5840",5-415-703-4167,6-101-353-0601,Ramon_Curtis3274@kideod.biz,7,1/29/1958,2,5/3/2022
590,Logan Shaw,"Victoria  Drive, 1331",2-855-768-3843,8-074-415-6650,Logan_Shaw1970@bretoux.com,3,3/10/1950,0,7/10/2022
591,Alison Pearson,"Sundown Way, 1338",1-827-337-0535,1-824-172-1768,Alison_Pearson1824@nickia.com,7,2/16/1987,1,11/20/2022
592,Vivian Hunter,"Virgil   Crossroad, 37",1-837-638-1322,2-473-275-7886,Vivian_Hunter6751@twace.org,4,11/25/1959,2,6/26/2022
593,Rocco Roman,"East Drive, 5899",4-260-250-1227,0-480-422-2526,Rocco_Roman4829@grannar.com,6,10/23/2005,1,8/23/2022
594,Martin Wade,"Clifton  Lane, 9196",1-883-030-3105,3-133-771-3366,Martin_Wade23@brety.org,5,2/21/1980,1,7/2/2022
595,Sarah Kennedy,"Pine Avenue, 3219",7-311-822-2857,8-241-382-6507,Sarah_Kennedy8046@nimogy.biz,5,8/21/2010,2,1/22/2022
596,Penny Lakey,"Bennett  Pass, 3806",1-010-554-7104,4-282-853-4124,Penny_Lakey3204@infotech44.tech,4,10/22/1955,2,9/21/2022
597,Gabriel Wellington,"Fawn Road, 9810",3-258-453-6766,1-251-661-4422,Gabriel_Wellington9848@gmail.com,3,12/11/1978,0,4/21/2022
598,Julia Kidd,"Fieldstone Grove, 9281",6-531-046-7162,3-146-122-4154,Julia_Kidd2702@gompie.com,3,12/22/2008,0,11/27/2022
599,Mandy Veale,"Pine Tunnel, 8320",6-166-876-7846,4-722-227-7268,Mandy_Veale9058@famism.biz,6,1/11/2018,2,5/20/2022
600,Nick Harrison,"Lonsdale  Rue, 5108",1-873-334-4253,8-001-616-8811,Nick_Harrison2262@infotech44.tech,1,2/18/1974,2,7/13/2022
